Title,URL
"Politica de privacidad",https://wp.disenosgratis.com/politica-de-privacidad/
Contacto,https://wp.disenosgratis.com/contacto/
"Acerca de",https://wp.disenosgratis.com/acerca-de/
"Diseños y plantillas para DTF, sublimación y más",https://wp.disenosgratis.com/
"Diseño gratuito de Bluey y Bingo para cumpleaños – Ideal para sublimación y playeras personalizadas",https://wp.disenosgratis.com/diseno-bluey-bingo-cumpleanos-sublimacion-playeras/
"Diseño de Mis Pastelitos para Tutus personalizados",https://wp.disenosgratis.com/diseno-de-mis-pastelitos-para-tutus-personalizados/
"Diseño de Justin Bieber para conciertos",https://wp.disenosgratis.com/diseno-de-justin-bieber-para-conciertos/
"Diseño de la abejita plim plim para cumpleaños",https://wp.disenosgratis.com/diseno-de-la-abejita-plim-plim-para-cumpleanos/
"Diseño de Shakira Las Mujeres Ya No Lloran World Tour",https://wp.disenosgratis.com/diseno-de-shakira-las-mujeres-ya-no-lloran-world-tour/
"Diseño Gratuito de Plim Plim para Proyectos Infantiles",https://wp.disenosgratis.com/diseno-gratuito-de-plim-plim-para-proyectos-infantiles/
"Diseño Gratuito de Gallina pintadita en tonos pastel",https://wp.disenosgratis.com/diseno-gratuito-de-gallina-pintadita-en-tonos-pastel/
"Diseño Gratuito de Niall Horan The Show para conciertos",https://wp.disenosgratis.com/diseno-gratuito-de-niall-horan-the-show-para-conciertos/
"Diseño de Bluey Bingo y familia para fiesta de cumpleaños",https://wp.disenosgratis.com/diseno-de-bluey-bingo-y-familia-para-fiesta-de-cumpleanos/
"Descargar Diseño de Darth Vader Gratis para Sublimación, DTF, Vinil Textil y Corte en Plotter",https://wp.disenosgratis.com/diseno-darth-vader-sublimacion-dtf-vinil-y-corte-en-plotter/
"Diseño del Rayo McQueen: plantilla para sublimación, DTF y corte de vinil",https://wp.disenosgratis.com/diseno-del-rayo-mcqueen-plantilla-para-sublimacion-dtf-y-corte-de-vinil/
"Diseño gratuito plantilla de Sally Carrera para sublimación y corte de vinil",https://wp.disenosgratis.com/diseno-gratuito-plantilla-de-sally-carrera-para-sublimacion-y-corte-de-vinil/
"Descargar Diseño de Stitch Gratis para Sublimación y DTF",https://wp.disenosgratis.com/diseno-de-stitch-para-sublimacion-dtf-y-vinil-textil/
"Diseño de Itachi Akatsuki para Sudadera &#8211; Descarga Gratuita en Formato Vectorial",https://wp.disenosgratis.com/diseno-itachi-akatsuki-vector-gratis/
"Diseño gratis Bad Bunny “Debí tirar más fotos” – Tercera versión en PNG y PSD para sublimación",https://wp.disenosgratis.com/diseno-gratis-debi-tirar-mas-fotos-bad-bunny-para-sublimacion-dtf/
"Descargar Diseño de Rugrats Gratis para Sublimación, DTF y Personalización de Ropa",https://wp.disenosgratis.com/diseno-gratis-rugrats-para-sublimacion-playeras-dtf/
"Descarga Programas para Editar Archivos .AI, .PSD, .PNG y .Studio3 en 2025",https://wp.disenosgratis.com/programas-editar-archivos-ai-psd-png-studio3/
"Diseño gratis inspirado en el álbum de Bad Bunny – Ideal para DTF y sublimación",https://wp.disenosgratis.com/arte-para-sublimacion-album-bad-bunny-diseno-gratis-dtf/
"Diseño gratis Bad Bunny: tercera versión “Debí tirar más fotos” para sublimación en PNG y PSD",https://wp.disenosgratis.com/diseno-gratis-bad-bunny-debi-tirar-mas-fotos-tercera-version/
"Pack diseños gratis para el Día de las Madres – Formatos PNG, AI y STUDIO",https://wp.disenosgratis.com/pack-disenos-dia-de-las-madres-gratis/
"Diseño gratis de Lilo & Stitch para sublimación y DTF – Alta calidad para tus proyectos",https://wp.disenosgratis.com/diseno-lilo-stitch-dtf-sublimacion-gratis/
"Dónde Diseñar Imágenes Gratis en 2025: 15 Herramientas Online que Sí Valen la Pena",https://wp.disenosgratis.com/disenar-imagenes-gratis-online/
"Pack de diseño gratuito &#8220;El mejor papá del mundo&#8221; – 10 formatos para sublimación, corte y más",https://wp.disenosgratis.com/pack-diseno-el-mejor-papa-del-mundo-gratis-10-formatos/
"Pack de diseños de Stitch en 7 formatos para sublimación y corte – PNG, AI, SVG y más",https://wp.disenosgratis.com/pack-disenos-stitch-sublimacion-corte-gratis/
"Diseño Papá Superhéroe para sublimar y regalar – Pack gratis en 9 formatos",https://wp.disenosgratis.com/sublimacion-diseno-papa-superheroe-sublimacion-gratis-10-formatos/
"Cómo Usar Los Diseños de Sublimación: Guía Práctica con Consejos Clave",https://wp.disenosgratis.com/como-usar-disenos-sublimacion/
"Diseño Día del Padre: “Soy padre y abuelo, supera eso” – Pack gratis en 10 formatos",https://wp.disenosgratis.com/diseno-dia-del-padre-padre-y-abuelo-gratis/
"Diseño Papá e Hijos para Sublimar – Descarga Gratis en 10 Formatos para el Día del Padre",https://wp.disenosgratis.com/diseno-papa-e-hijos-dia-del-padre-gratis/
"Diseño gratis para el primer Día del Padre en 10 formatos listos para descargar",https://wp.disenosgratis.com/diseno-gratis-primer-dia-del-padre-para-sublimar/
"Diseños gratis para DTF: la guía realista que los emprendedores necesitábamos",https://wp.disenosgratis.com/disenos-gratis-para-dtf-que-venden/
"Diseño de Labubu para sublimación – descarga AI, EPS y PNG para tazas y playeras (alta calidad)",https://wp.disenosgratis.com/diseno-labubu-sublimacion-playeras-tazas-ai-eps-png/
"Logo de Pokémon en PNG Gratis – Descarga el archivo en alta calidad para tus diseños",https://wp.disenosgratis.com/logo-pokemon-png-gratis-descarga/
"Descargar Imagen PNG de Stitch Gratis",https://wp.disenosgratis.com/imagen-png-stitch-fondo-transparente-gratis/
"Impresión DTF para Playeras: Guía Completa y Recursos Gratis",https://wp.disenosgratis.com/impresion-dtf-playeras/
"Descarga Gratis Imagen PNG de Goku con Fondo Transparente",https://wp.disenosgratis.com/imagen-png-goku-fondo-transparente-gratis/
"Diseño de Lalo y Stitch en Semitono – PNG Gratis con Fondo Transparente para DTF",https://wp.disenosgratis.com/lalo-y-stitch-semitono-png-gratis-para-dtf/
"Personajes de Mario Bros en PNG – Diseños para Sublimar y DTF Gratis",https://wp.disenosgratis.com/personajes-mario-bros-png-disenos-sublimar-dtf-gratis/
"¿Cómo se hacen nuestros diseños?",https://wp.disenosgratis.com/como-se-hacen-nuestros-disenos/
"Plantilla para taza de Harry Styles para sublimación– Descarga gratis en PNG, AI, JPG, EPS y CDR",https://wp.disenosgratis.com/plantilla-taza-harry-styles-descarga-gratis-sublimacion/
"Diseño vectorial gratis de Los 4 Fantásticos – Primera versión en AI, SVG, PNG y más para sublimación",https://wp.disenosgratis.com/vectores-los-4-fantasticos-para-sublimacion/
"Plantillas para Tazas Labubu (Real Madrid, PSG y Bayern) – AI, PNG y PDF Gratis",https://wp.disenosgratis.com/plantilla-taza-labubu-real-psg-bayern/
"Bandera de México PNG estilo brochazos (fondo transparente) – Descarga Gratis",https://wp.disenosgratis.com/bandera-mexico-png-brochazos-fondo-transparente/
"Viva México estilo Lettering – Archivo AI, EPS, PNG y SVG",https://wp.disenosgratis.com/viva-mexico-lettering-descarga-gratis/
"Squirtle estilo japonés en semitonos para DTF – Archivo PNG gratis",https://wp.disenosgratis.com/squirtle-japones-semitonos-dtf-png-gratis/
"Virgen de Guadalupe en semitonos para DTF y PNG gratis",https://wp.disenosgratis.com/virgen-guadalupe-semitonos-dtf-png-gratis/
"Foto instantánea estilo Polaroid PNG con fondo transparente – Descarga gratis",https://wp.disenosgratis.com/foto-instantanea-polaroid-png-gratis/
"Pack de diseños DTF gratis en PNG y semitonos – Listos para imprimir 🎨",https://wp.disenosgratis.com/pack-disenos-dtf-gratis-png-semitonos/
"Pack de fondos virtuales para Zoom, Meet y Teams",https://wp.disenosgratis.com/pack-fondos-virtuales-zoom-meet-teams-gratis/
"Cómo sublimar: guía práctica paso a paso (equipos, tiempos, trucos y errores reales)",https://wp.disenosgratis.com/como-sublimar-guia-paso-a-paso/
"Pack de paisajes y naturaleza realistas – Descarga gratis imágenes de paisajes en alta calidad",https://wp.disenosgratis.com/pack-paisajes-naturaleza-descargar-imagen-de-paisaje/
"Pack de tipografías Halloween gratis en formato TTF 🎃",https://wp.disenosgratis.com/tipografias-halloween-gratis-pack-ttf/
"Charmander estilo japonés en PNG y semitonos para DTF – Descarga gratis",https://wp.disenosgratis.com/charmander-japones-semitonos-dtf-png-gratis/
"Cómo corregir bandas en el color magenta al imprimir en DTF (guía paso a paso)",https://wp.disenosgratis.com/bandas-en-color-magenta-dtf-solucion/
"¿Se puede imprimir una foto tomada con el celular en DTF? (Guía completa)",https://wp.disenosgratis.com/como-imprimir-foto-con-celular-en-dtf/
"Cómo sublimar una playera (guía práctica 2025)",https://wp.disenosgratis.com/como-sublimar-una-playera-guia-practica-2025/
"Personajes de Halloween infantiles en vector (bruja, vampiro, esqueleto, calavera y calabaza)",https://wp.disenosgratis.com/personajes-de-halloween-vector-infantil-calabaza-bruja-vampiro-calavera-esqueleto/
"Pack de velas PNG fondo transparente gratis",https://wp.disenosgratis.com/pack-de-velas-png-fondo-transparente/
"Plantilla de Lotería Mexicana para imprimir, editar o sublimar (54 cartas en JPG, PDF y Canva editable)",https://wp.disenosgratis.com/plantilla-de-loteria-mexicana-para-imprimir-editar-y-sublimar/
"Invitación de cumpleaños editable de Dragon Ball gratis (plantilla Canva + PDF)",https://wp.disenosgratis.com/invitacion-cumpleanos-editable-dragon-ball/
"¿Qué marca de playeras es mejor para sublimar o estampar?",https://wp.disenosgratis.com/mejores-marcas-de-playeras-para-sublimacion-y-serigrafia/
"Plantilla de invitación Baby Shower de borreguito (editable, PDF y PNG)",https://wp.disenosgratis.com/plantilla-invitacion-baby-shower-borreguito/
"Pack de diseños para tazas navideñas (PDF y PNG)",https://wp.disenosgratis.com/pack-disenos-para-tazas-navidenas-pdf-png/
"¿Sigue siendo negocio la sublimación en 2025?",https://wp.disenosgratis.com/sigue-siendo-negocio-la-sublimacion-en-2025/
"Fondos Navideños en PNG – Pack Gratis 2025",https://wp.disenosgratis.com/fondos-de-navidad-png-gratis/
"Símbolos de Dragon Ball: Logos en PNG para descargar gratis",https://wp.disenosgratis.com/logos-dragon-ball-png/
"Logo One Piece PNG y Carteles Wanted (Pack Completo Gratis)",https://wp.disenosgratis.com/logo-one-piece-png-wanted-posters/
"Adiós a los datos aburridos: Tu guía secreta para diseñar infografías irresistibles",https://wp.disenosgratis.com/adios-a-los-datos-aburridos-tu-guia-secreta-para-disenar-infografias-irresistibles/
"20 Plantillas Gratis para Mugs de Amor y Amistad (Descarga PNG)",https://wp.disenosgratis.com/20-plantillas-gratis-para-mugs-de-amor-y-amistad-descarga-png/
